{
  "title": "Roll Tracker",
  "description": "A simple module which tracks the d20 rolls made and logs them by each user.",
  "authors": [
    {
      "name": "drexl93",
      "flags": {}
    }
  ],
  "version": "2.0.0",
  "minimumCoreVersion": "13.0.0",
  "compatibleCoreVersion": "13.0.0",
  "scripts": [
    "scripts/roll-tracker.js"
  ],
  "styles": [
    "styles/roll-tracker.css"
  ],
  "languages": [
    {
      "lang": "en",
      "name": "English",
      "path": "languages/en.json",
      "flags": {}
    }
  ],
  "socket": true,
  "url": "https://github.com/drexl93/roll-tracker",
  "manifest": "https://github.com/drexl93/roll-tracker/raw/main/module.json",
  "download": "https://github.com/drexl93/roll-tracker/raw/main/roll-tracker.zip",
  "id": "roll-tracker",
  "compatibility": {
    "minimum": "13.0.0",
    "verified": "13.0.0"
  }
}