{
    "name": "roll-tracker",
    "title": "Roll Tracker",
    "description": "A simple module which tracks the d20 rolls made and logs them by each user.",
    "authors": [
        {
            "name": "drexl93"
        }
    ],
    "version": "1.0.0",
    "minimumCoreVersion": "9.0.0",
    "compatibleCoreVersion": "9.0.0",
    "scripts": [
        "scripts/roll-tracker.js"
    ],
    "styles": [
        "styles/roll-tracker.css"
    ],
    "languages": [
        {
            "lang": "en",
            "name": "English",
            "path": "languages/en.json"
        }
    ],
    "url": "https://github.com/drexl93/roll-tracker",
    "manifest": "https://raw.githubusercontent.com/drexl93/roll-tracker/main/module.json",
    "download": "https://github.com/drexl93/roll-tracker/releases/download/v1.0.0/roll-tracker-v1.0.0.zip"
}